{
    "format_version": "1.12.0",
    "minecraft:geometry": [{
        "description": {
            "identifier": "geometry.player_head",
            "texture_width": 64,
            "texture_height": 64,
            "visible_bounds_width": 3,
            "visible_bounds_height": 5,
            "visible_bounds_offset": [0, 2.5, 0]
        },
        "bones": [{
            "name": "head",
            "pivot": [0, 12, 0],
            "cubes": [{
                "origin": [-4, 48, -4],
                "size": [8, 8, 8],
                "uv": [0, 0]
            }, {
                "origin": [-4, 48, -4],
                "size": [8, 8, 8],
                "inflate": 0.5,
                "uv": [32, 0]
            }, {
                "origin": [-4, 36, -2],
                "size": [8, 12, 4],
                "uv": [16, 16]
            }, {
                "origin": [4, 36, -2],
                "size": [4, 12, 4],
                "uv": [32, 48]
            }, {
                "origin": [4, 36, -2],
                "size": [4, 12, 4],
                "inflate": 0.25,
                "uv": [48, 48]
            }, {
                "origin": [-0.1, 24, -2],
                "size": [4, 12, 4],
                "uv": [16, 48]
            }, {
                "origin": [-8, 36, -2],
                "size": [4, 12, 4],
                "uv": [40, 16]
            }, {
                "origin": [-0.1, 24, -2],
                "size": [4, 12, 4],
                "inflate": 0.25,
                "uv": [0, 48]
            }, {
                "origin": [-8, 36, -2],
                "size": [4, 12, 4],
                "inflate": 0.25,
                "uv": [40, 32]
            }, {
                "origin": [-4, 36, -2],
                "size": [8, 12, 4],
                "inflate": 0.25,
                "uv": [16, 32]
            }, {
                "origin": [-3.9, 24, -2],
                "size": [4, 12, 4],
                "inflate": 0.25,
                "uv": [0, 32]
            }, {
                "origin": [-3.9, 24, -2],
                "size": [4, 12, 4],
                "uv": [0, 16]
            }],
            "locators": {
                "lead_hold": [-6, 39, 1]
            }
        }]
    }]
}