{
    "format_version": "1.10.0",
    "minecraft:client_entity": {
        "description": {
            "identifier": "bed:floating_text",
            "materials": {
                "default": "floating_text"
            },
            "textures": {
                "default": "textures/entity/empty"
            },
            "geometry": {
                "default": "geometry.empty"
            },
            "render_controllers": ["controller.render.floating_text"],
            "spawn_egg": {
                "base_color": "#BDBDBD",
                "overlay_color": "#DADADA"
            }
        }
    }
}