{
    "format_version": "1.8.0",
    "minecraft:client_entity": {
        "description": {
            "identifier": "add:generators",
            "materials": {
                "default": "generators"
            },
            "textures": {
                "iron": "textures/entity/generators/generators_bedwars_iron",
                "gold": "textures/entity/generators/generators_bedwars_gold",
                "emerald": "textures/entity/generators/generators_bedwars_emerald"
            },
            "geometry": {
                "default": "geometry.generators"
            },
            "render_controllers": ["controller.render.generators"],
            "spawn_egg": {
                "base_color": "#1FC108",
                "overlay_color": "#148D03"
            }
        }
    }
}