{
    "format_version": "1.8.0",
    "minecraft:client_entity": {
        "description": {
            "identifier": "add:trader_bedwars",
            "materials": {
                "default": "trader_bedwars"
            },
            "textures": {
                "uno": "textures/entity/villager/trader_bedwars_uno",
                "dos": "textures/entity/villager/trader_bedwars_dos"
            },
            "geometry": {
                "default": "geometry.trader_bedwars"
            },
            "scripts": {
                "scale": "0.9375"
            },
            "animations": {
                "general": "animation.villager.general",
                "look_at_target": "animation.common.look_at_target",
                "move": "animation.villager.move",
                "baby_transform": "animation.villager.baby_transform"
            },
            "animation_controllers": [{
                "general": "controller.animation.villager.general"
            }, {
                "move": "controller.animation.villager.move"
            }, {
                "baby": "controller.animation.villager.baby"
            }],
            "render_controllers": ["controller.render.trader_bedwars"],
            "spawn_egg": {
                "base_color": "#715A4A",
                "overlay_color": "#704F37"
            },
            "enable_attachables": false
        }
    }
}