{
    "format_version": "1.12.0",
    "minecraft:geometry": [{
        "description": {
            "identifier": "geometry.generators",
            "texture_width": 64,
            "texture_height": 64,
            "visible_bounds_width": 2,
            "visible_bounds_height": 2,
            "visible_bounds_offset": [0, 1, 0]
        },
        "bones": [{
            "name": "block",
            "pivot": [0, 0, 0],
            "cubes": [{
                "origin": [-8, 0, -8],
                "size": [16, 16, 16],
                "uv": [0, 0]
            }]
        }]
    }]
}