{
    "format_version": "1.8.0",
    "geometry.trader_bedwars": {
        "visible_bounds_width": 1.5,
        "visible_bounds_height": 2.5,
        "visible_bounds_offset": [0, 1.25, 0],
        "bones": [{
            "name": "head",
            "parent": "body",
            "pivot": [0.0, 24.0, 0.0],
            "cubes": [{
                "origin": [-4.0, 24.0, -4.0],
                "size": [8, 10, 8],
                "uv": [0, 0]
            }]
        }, {
            "name": "helmet",
            "parent": "head",
            "pivot": [0.0, 24.0, 0.0],
            "cubes": [{
                "origin": [-4.0, 24.0, -4.0],
                "size": [8, 10, 8],
                "uv": [32, 0],
                "inflate": 0.5
            }]
        }, {
            "name": "brim",
            "parent": "head",
            "pivot": [0.0, 24.0, 0.0],
            "bind_pose_rotation": [-90.0, 0.0, 0.0],
            "cubes": [{
                "origin": [-8.0, 16.0, -6.0],
                "size": [16.0, 16.0, 1.0],
                "uv": [30.0, 47.0],
                "inflate": 0.1
            }]
        }, {
            "name": "nose",
            "parent": "head",
            "pivot": [0.0, 26.0, 0.0],
            "cubes": [{
                "origin": [-1.0, 23.0, -6.0],
                "size": [2, 4, 2],
                "uv": [24, 0]
            }]
        }, {
            "name": "body",
            "locators": {
                "lead_hold": [0.0, 40.0, 0.0]
            },
            "cubes": [{
                "origin": [-4.0, 12.0, -3.0],
                "size": [8, 12, 6],
                "uv": [16, 20]
            }, {
                "origin": [-4.0, 6.0, -3.0],
                "size": [8, 18, 6],
                "uv": [0, 38],
                "inflate": 0.5
            }]
        }, {
            "name": "arms",
            "parent": "body",
            "pivot": [0.0, 22.0, 0.0],
            "cubes": [{
                "origin": [-4.0, 16.0, -2.0],
                "size": [8, 4, 4],
                "uv": [40, 38]
            }, {
                "origin": [-8.0, 16.0, -2.0],
                "size": [4, 8, 4],
                "uv": [44, 22]
            }, {
                "origin": [4.0, 16.0, -2.0],
                "size": [4, 8, 4],
                "uv": [44, 22],
                "mirror": true
            }]
        }, {
            "name": "held_item",
            "parent": "arms",
            "pivot": [0.0, 0.0, 0.0]
        }, {
            "name": "leg0",
            "parent": "body",
            "pivot": [-2.0, 12.0, 0.0],
            "cubes": [{
                "origin": [-4.0, 0.0, -2.0],
                "size": [4, 12, 4],
                "uv": [0, 22]
            }]
        }, {
            "name": "leg1",
            "parent": "body",
            "pivot": [2.0, 12.0, 0.0],
            "cubes": [{
                "origin": [0.0, 0.0, -2.0],
                "size": [4, 12, 4],
                "uv": [0, 22],
                "mirror": true
            }]
        }]
    }
}