{
    "format_version": "1.10.0",
    "minecraft:entity": {
        "description": {
            "identifier": "add:generators",
            "is_spawnable": true,
            "is_summonable": true,
            "is_experimental": false
        },
        "component_groups": {
            "add:generators_iron": {
                "minecraft:variant": {
                    "value": 0
                },
                "minecraft:economy_trade_table": {
                    "display_name": " §8Iron generator ",
                    "table": "trading/traders/generators_bedwars_iron.json",
                    "new_screen": true,
                    "persist_trades": true
                }
            },
            "add:generators_gold": {
                "minecraft:variant": {
                    "value": 1
                },
                "minecraft:economy_trade_table": {
                    "display_name": " §8Gold generator ",
                    "table": "trading/traders/generators_bedwars_gold.json",
                    "new_screen": true,
                    "persist_trades": true
                }
            },
            "add:generators_emerald": {
                "minecraft:variant": {
                    "value": 2
                }
            },
            "kill": {
                "minecraft:health": {
                    "value": -1
                }
            }
        },
        "components": {
            "minecraft:damage_sensor": {
                "triggers": {
                    "cause": "all",
                    "deals_damage": false
                }
            },
            "minecraft:interact": [{
                "on_interact": {
                    "filters": {
                        "all_of": [{
                            "test": "is_family",
                            "subject": "other",
                            "value": "player"
                        }, {
                            "test": "has_equipment",
                            "domain": "hand",
                            "subject": "other",
                            "value": "barrier"
                        }]
                    },
                    "event": "kill"
                },
                "play_sounds": "random.hurt",
                "interact_text": "/kill"
            }],
            "minecraft:scale": {
                "value": 0.4
            },
            "minecraft:type_family": {
                "family": ["villager"]
            },
            "minecraft:fire_immune": true,
            "minecraft:movement": {
                "value": 0.5
            },
            "minecraft:loot": {
                "table": "loot_tables/empty.json"
            },
            "minecraft:collision_box": {
                "width": 0.5,
                "height": 0.5
            },
            "minecraft:pushable": {
                "is_pushable": false,
                "is_pushable_by_piston": false
            },
            "minecraft:nameable": {
                "always_show": true,
                "allow_name_tag_renaming": true
            },
            "minecraft:physics": {}
        },
        "events": {
            "minecraft:entity_spawned": {
                "randomize": [{
                    "weight": 33,
                    "add": {
                        "component_groups": ["add:generators_iron"]
                    }
                }, {
                    "weight": 33,
                    "add": {
                        "component_groups": ["add:generators_gold"]
                    }
                }, {
                    "weight": 33,
                    "add": {
                        "component_groups": ["add:generators_emerald"]
                    }
                }]
            },
            "kill": {
                "add": {
                    "component_groups": ["kill"]
                }
            }
        }
    }
}