{
    "format_version": "1.10.0",
    "minecraft:entity": {
        "description": {
            "identifier": "add:trader_bedwars",
            "is_spawnable": true,
            "is_summonable": true,
            "is_experimental": false
        },
        "component_groups": {
            "add:trader_bedwars_uno": {
                "minecraft:variant": {
                    "value": 0
                }
            },
            "add:trader_bedwars_dos": {
                "minecraft:variant": {
                    "value": 1
                }
            },
            "traders_uno": {
                "minecraft:economy_trade_table": {
                    "display_name": " §8BLOCKS AND FOOD ",
                    "table": "trading/traders/trader_bedwars_uno.json",
                    "new_screen": true,
                    "persist_trades": true
                }
            },
            "traders_dos": {
                "minecraft:economy_trade_table": {
                    "display_name": " §8TOOLS AND ARMOR ",
                    "table": "trading/traders/trader_bedwars_dos.json",
                    "new_screen": true,
                    "persist_trades": true
                }
            },
            "kill": {
                "minecraft:health": {
                    "value": -1
                }
            }
        },
        "components": {
            "minecraft:damage_sensor": {
                "triggers": {
                    "cause": "all",
                    "deals_damage": false
                }
            },
            "minecraft:interact": [{
                "on_interact": {
                    "filters": {
                        "all_of": [{
                            "test": "is_family",
                            "subject": "other",
                            "value": "player"
                        }, {
                            "test": "has_equipment",
                            "domain": "hand",
                            "subject": "other",
                            "value": "barrier"
                        }]
                    },
                    "event": "kill"
                },
                "play_sounds": "random.hurt",
                "interact_text": "/kill"
            }],
            "minecraft:scale": {
                "value": 1.0
            },
            "minecraft:behavior.look_at_player": {
                "look_distance": 8.0
            },
            "minecraft:type_family": {
                "family": ["villager"]
            },
            "minecraft:fire_immune": true,
            "minecraft:movement": {
                "value": 0.5
            },
            "minecraft:loot": {
                "table": "loot_tables/empty.json"
            },
            "minecraft:collision_box": {
                "width": 0.6,
                "height": 1.9
            },
            "minecraft:pushable": {
                "is_pushable": false,
                "is_pushable_by_piston": false
            },
            "minecraft:nameable": {
                "always_show": true,
                "allow_name_tag_renaming": true
            },
            "minecraft:physics": {}
        },
        "events": {
            "minecraft:entity_spawned": {
                "randomize": [{
                    "weight": 50,
                    "add": {
                        "component_groups": ["add:trader_bedwars_uno", "traders_uno"]
                    }
                }, {
                    "weight": 50,
                    "add": {
                        "component_groups": ["add:trader_bedwars_dos", "traders_dos"]
                    }
                }]
            },
            "kill": {
                "add": {
                    "component_groups": ["kill"]
                }
            }
        }
    }
}