{
    "tiers": [{
        "total_exp_required": 0,
        "groups": [{
            "num_to_select": 1,
            "trades": [{
                "wants": [{
                    "item": "minecraft:iron_ingot",
                    "quantity": 20
                }],
                "gives": [{
                    "item": "minecraft:iron_axe",
                    "quantity": 1
                }],
                "trader_exp": 7,
                "max_uses": 1,
                "reward_exp": false
            }]
        }]
    }, {
        "total_exp_required": 7,
        "groups": [{
            "num_to_select": 1,
            "trades": [{
                "wants": [{
                    "item": "minecraft:iron_ingot",
                    "quantity": 64
                }],
                "gives": [{
                    "item": "minecraft:iron_shovel",
                    "quantity": 1
                }],
                "trader_exp": 7,
                "max_uses": 1,
                "reward_exp": false
            }]
        }]
    }]
}