{
    "tiers": [{
        "num_to_select": 20,
        "trades": [{
            "wants": [{
                "item": "minecraft:iron_ingot",
                "quantity": {
                    "min": 3,
                    "max": 3
                }
            }],
            "gives": [{
                "item": "minecraft:stone_sword",
                "quantity": {
                    "min": 1,
                    "max": 1
                }
            }],
            "reward_exp": false,
            "trader_exp": 0,
            "max_uses": 999999999
        }, {
            "wants": [{
                "item": "minecraft:gold_ingot",
                "quantity": {
                    "min": 8,
                    "max": 8
                }
            }],
            "gives": [{
                "item": "minecraft:iron_sword",
                "quantity": {
                    "min": 1,
                    "max": 1
                }
            }],
            "reward_exp": false,
            "trader_exp": 0,
            "max_uses": 999999999
        }, {
            "wants": [{
                "item": "minecraft:emerald",
                "quantity": {
                    "min": 10,
                    "max": 10
                }
            }],
            "gives": [{
                "item": "minecraft:diamond_sword",
                "quantity": {
                    "min": 1,
                    "max": 1
                }
            }],
            "reward_exp": false,
            "trader_exp": 0,
            "max_uses": 999999999
        }, {
            "wants": [{
                "item": "minecraft:iron_ingot",
                "quantity": {
                    "min": 5,
                    "max": 5
                }
            }],
            "gives": [{
                "item": "minecraft:wooden_pickaxe",
                "quantity": {
                    "min": 1,
                    "max": 1
                }
            }],
            "reward_exp": false,
            "trader_exp": 0,
            "max_uses": 999999999
        }, {
            "wants": [{
                "item": "minecraft:emerald",
                "quantity": {
                    "min": 5,
                    "max": 5
                }
            }],
            "gives": [{
                "item": "minecraft:diamond_pickaxe",
                "functions": [{
                    "function": "specific_enchants",
                    "enchants": [{
                        "id": "efficiency",
                        "level": [5, 5]
                    }]
                }]
            }],
            "reward_exp": false,
            "trader_exp": 0,
            "max_uses": 999999999
        }, {
            "wants": [{
                "item": "minecraft:gold_ingot",
                "quantity": {
                    "min": 5,
                    "max": 5
                }
            }],
            "gives": [{
                "item": "minecraft:bow",
                "functions": [{
                    "function": "specific_enchants",
                    "enchants": [{
                        "id": "flame",
                        "level": [1, 1]
                    }]
                }]
            }],
            "reward_exp": false,
            "trader_exp": 0,
            "max_uses": 999999999
        }, {
            "wants": [{
                "item": "minecraft:iron_ingot",
                "quantity": {
                    "min": 5,
                    "max": 5
                }
            }],
            "gives": [{
                "item": "minecraft:arrow",
                "quantity": {
                    "min": 10,
                    "max": 10
                }
            }],
            "reward_exp": false,
            "trader_exp": 0,
            "max_uses": 999999999
        }, {
            "wants": [{
                "item": "minecraft:emerald",
                "quantity": {
                    "min": 1,
                    "max": 1
                }
            }],
            "gives": [{
                "item": "minecraft:shield",
                "functions": [{
                    "function": "specific_enchants",
                    "enchants": [{
                        "id": "unbreaking",
                        "level": [1, 1]
                    }]
                }]
            }],
            "reward_exp": false,
            "trader_exp": 0,
            "max_uses": 999999999
        }, {
            "wants": [{
                "item": "minecraft:iron_ingot",
                "quantity": {
                    "min": 2,
                    "max": 2
                }
            }],
            "gives": [{
                "item": "minecraft:leather_helmet",
                "quantity": {
                    "min": 1,
                    "max": 1
                }
            }],
            "reward_exp": false,
            "trader_exp": 0,
            "max_uses": 999999999
        }, {
            "wants": [{
                "item": "minecraft:iron_ingot",
                "quantity": {
                    "min": 4,
                    "max": 4
                }
            }],
            "gives": [{
                "item": "minecraft:leather_chestplate",
                "quantity": {
                    "min": 1,
                    "max": 1
                }
            }],
            "reward_exp": false,
            "trader_exp": 0,
            "max_uses": 999999999
        }, {
            "wants": [{
                "item": "minecraft:iron_ingot",
                "quantity": {
                    "min": 4,
                    "max": 4
                }
            }],
            "gives": [{
                "item": "minecraft:leather_leggings",
                "quantity": {
                    "min": 1,
                    "max": 1
                }
            }],
            "reward_exp": false,
            "trader_exp": 0,
            "max_uses": 999999999
        }, {
            "wants": [{
                "item": "minecraft:iron_ingot",
                "quantity": {
                    "min": 2,
                    "max": 2
                }
            }],
            "gives": [{
                "item": "minecraft:leather_boots",
                "quantity": {
                    "min": 1,
                    "max": 1
                }
            }],
            "reward_exp": false,
            "trader_exp": 0,
            "max_uses": 999999999
        }, {
            "wants": [{
                "item": "minecraft:gold_ingot",
                "quantity": {
                    "min": 3,
                    "max": 3
                }
            }],
            "gives": [{
                "item": "minecraft:iron_helmet",
                "quantity": {
                    "min": 1,
                    "max": 1
                }
            }],
            "reward_exp": false,
            "trader_exp": 0,
            "max_uses": 999999999
        }, {
            "wants": [{
                "item": "minecraft:gold_ingot",
                "quantity": {
                    "min": 5,
                    "max": 5
                }
            }],
            "gives": [{
                "item": "minecraft:iron_chestplate",
                "quantity": {
                    "min": 1,
                    "max": 1
                }
            }],
            "reward_exp": false,
            "trader_exp": 0,
            "max_uses": 999999999
        }, {
            "wants": [{
                "item": "minecraft:gold_ingot",
                "quantity": {
                    "min": 5,
                    "max": 5
                }
            }],
            "gives": [{
                "item": "minecraft:iron_leggings",
                "quantity": {
                    "min": 1,
                    "max": 1
                }
            }],
            "reward_exp": false,
            "trader_exp": 0,
            "max_uses": 999999999
        }, {
            "wants": [{
                "item": "minecraft:gold_ingot",
                "quantity": {
                    "min": 3,
                    "max": 3
                }
            }],
            "gives": [{
                "item": "minecraft:iron_boots",
                "quantity": {
                    "min": 1,
                    "max": 1
                }
            }],
            "reward_exp": false,
            "trader_exp": 0,
            "max_uses": 999999999
        }, {
            "wants": [{
                "item": "minecraft:emerald",
                "quantity": {
                    "min": 4,
                    "max": 4
                }
            }],
            "gives": [{
                "item": "minecraft:diamond_helmet",
                "quantity": {
                    "min": 1,
                    "max": 1
                }
            }],
            "reward_exp": false,
            "trader_exp": 0,
            "max_uses": 999999999
        }, {
            "wants": [{
                "item": "minecraft:emerald",
                "quantity": {
                    "min": 6,
                    "max": 6
                }
            }],
            "gives": [{
                "item": "minecraft:diamond_chestplate",
                "quantity": {
                    "min": 1,
                    "max": 1
                }
            }],
            "reward_exp": false,
            "trader_exp": 0,
            "max_uses": 999999999
        }, {
            "wants": [{
                "item": "minecraft:emerald",
                "quantity": {
                    "min": 6,
                    "max": 6
                }
            }],
            "gives": [{
                "item": "minecraft:diamond_leggings",
                "quantity": {
                    "min": 1,
                    "max": 1
                }
            }],
            "reward_exp": false,
            "trader_exp": 0,
            "max_uses": 999999999
        }, {
            "wants": [{
                "item": "minecraft:emerald",
                "quantity": {
                    "min": 4,
                    "max": 4
                }
            }],
            "gives": [{
                "item": "minecraft:diamond_boots",
                "quantity": {
                    "min": 1,
                    "max": 1
                }
            }],
            "reward_exp": false,
            "trader_exp": 0,
            "max_uses": 999999999
        }]
    }]
}