{
    "tiers": [{
        "num_to_select": 6,
        "trades": [{
            "wants": [{
                "item": "minecraft:iron_ingot",
                "quantity": {
                    "min": 5,
                    "max": 5
                }
            }],
            "gives": [{
                "item": "minecraft:wool:3",
                "quantity": {
                    "min": 15,
                    "max": 15
                }
            }],
            "reward_exp": false,
            "trader_exp": 0,
            "max_uses": 999999999
        }, {
            "wants": [{
                "item": "minecraft:gold_ingot",
                "quantity": {
                    "min": 10,
                    "max": 10
                }
            }],
            "gives": [{
                "item": "minecraft:end_stone:0",
                "quantity": {
                    "min": 5,
                    "max": 5
                }
            }],
            "reward_exp": false,
            "trader_exp": 0,
            "max_uses": 999999999
        }, {
            "wants": [{
                "item": "minecraft:emerald",
                "quantity": {
                    "min": 5,
                    "max": 5
                }
            }],
            "gives": [{
                "item": "minecraft:obsidian:0",
                "quantity": {
                    "min": 1,
                    "max": 1
                }
            }],
            "reward_exp": false,
            "trader_exp": 0,
            "max_uses": 999999999
        }, {
            "wants": [{
                "item": "minecraft:iron_ingot",
                "quantity": {
                    "min": 3,
                    "max": 3
                }
            }],
            "gives": [{
                "item": "minecraft:bread",
                "quantity": {
                    "min": 1,
                    "max": 1
                }
            }],
            "reward_exp": false,
            "trader_exp": 0,
            "max_uses": 999999999
        }, {
            "wants": [{
                "item": "minecraft:gold_ingot",
                "quantity": {
                    "min": 3,
                    "max": 3
                }
            }],
            "gives": [{
                "item": "minecraft:cooked_beef",
                "quantity": {
                    "min": 1,
                    "max": 1
                }
            }],
            "reward_exp": false,
            "trader_exp": 0,
            "max_uses": 999999999
        }, {
            "wants": [{
                "item": "minecraft:emerald",
                "quantity": {
                    "min": 8,
                    "max": 8
                }
            }],
            "gives": [{
                "item": "minecraft:appleenchanted",
                "quantity": {
                    "min": 1,
                    "max": 1
                }
            }],
            "reward_exp": false,
            "trader_exp": 0,
            "max_uses": 999999999
        }]
    }]
}